filename,mean_R,mean_G,mean_B,contrast_R,dissimilarity_R,homogeneity_R,energy_R,correlation_R,entropy_R,contrast_G,dissimilarity_G,homogeneity_G,energy_G,correlation_G,entropy_G,contrast_B,dissimilarity_B,homogeneity_B,energy_B,correlation_B,entropy_B
tag.txt,47.8404,59.81255625,89.745575,5.36013168359375,1.8578618382800887,0.436039642489289,0.1350460433592062,0.0,2.1456508842539117,4.880134096523437,1.7300212070301686,0.4576759880107298,0.15022340124981223,0.0,2.089309258807358,4.90496771859375,1.738910983280163,0.4558522077545533,0.14612333835919233,1.5038807080241402e-16,2.1008553268830603
tag.txt,32.0601875,41.72794375,65.35675625,5.3597984375,1.9122921874988048,0.42106343374844757,0.13538857382795574,0.0,2.1352558725918405,4.664544521835938,1.739032999217663,0.4447020676813786,0.15044133374981192,1.285125665464078e-16,2.0737508909357865,4.823239991210937,1.769605243748894,0.4416285066527183,0.14313924429669608,2.527614153129195e-16,2.102538135237165
tag.txt,53.06859375,65.707825,95.3499625,5.179275624023438,1.8093197554676188,0.44408418892287366,0.14029464859357463,1.951352325792268e-16,2.125715113941157,4.780351671835938,1.700366537967687,0.46391008176740994,0.15415873937480729,1.269463723980064e-16,2.0761098683193926,4.814432984375,1.7109634968739307,0.4617917537873444,0.14956124882793803,0.0,2.088535611651132
tag.txt,34.51093125,41.7010375,63.81804375,5.507734759335937,1.9424930565612861,0.41809914304086765,0.1316189053904605,0.0,2.1518425791328104,4.77688047984375,1.7644434487488974,0.44134668628045665,0.14655049492169184,0.0,2.0894141057248934,4.933300529335938,1.7953833914832529,0.43812452426682774,0.13907046953107616,0.0,2.119717583087524
tag.txt,116.97310625,153.8767875,173.224875,5.40407916234375,1.8583901799988385,0.4378843829792056,0.13401367351545745,0.0,2.1511214893461013,4.739325505898438,1.689253310936444,0.46640121224623066,0.15231980703105963,1.0199571730703987e-16,2.078233146559214,5.20600969,1.801699088748874,0.4484105596914909,0.13986127601545015,9.731677769963519e-17,2.126906772855514
tag.txt,90.40330625,123.96124375,144.96446875,4.65726249,1.732819079998917,0.44587425232619243,0.15108434320293615,1.0289039803465679e-16,2.0736011146362006,4.328287566835938,1.6485191410145945,0.4596273741105346,0.1573827742966783,0.0,2.0438405329186424,5.316082004648437,1.8830670520300727,0.42602902568441176,0.13308250484358364,0.0,2.1465849052030612
tag.txt,129.58204375,167.30868125,183.49056875,5.239381660585938,1.8166381449207396,0.44498327726131026,0.13850776218732685,1.6976112217250478e-16,2.133570371749283,4.630765520273437,1.6597072997645874,0.47245544224666275,0.1566534008591792,1.5477651683600415e-16,2.0625405126214322,5.15694603734375,1.7870239706238835,0.4514215195970198,0.1423241106248221,0.0,2.1182122255073517
tag.txt,93.907275,127.73068125,146.26863125,4.69274461234375,1.7379889870301637,0.4457594874194934,0.14932073359356335,0.0,2.0804124369746106,4.382723102773438,1.6595843029677129,0.45828235684348617,0.15544937546855567,0.0,2.051654385737527,5.340832811523437,1.8859363546863213,0.4262032239915316,0.13233697398420957,0.0,2.150095911391115
tag.txt,58.456575,85.682475,90.65339375,5.662381669960938,1.9211391460925493,0.42846995894832135,0.12907779789046367,9.331267456220217e-17,2.1713974117804393,4.929615201210938,1.7326014157801672,0.4599828877672545,0.14889606328106386,1.5001163857503802e-16,2.0949961366347605,4.924581386093751,1.7365034989051646,0.45832450281141623,0.14681545156231648,1.5008828853664934e-16,2.1002555578659154
tag.txt,38.024825,58.090225,61.1432375,5.650274671835937,1.977505174139389,0.4116367498130356,0.13126479179671094,0.0,2.1552267347648177,4.7039765493750005,1.7455950181239088,0.44387720903444905,0.14812229124981485,0.0,2.0832260875854898,4.9892372499999995,1.8140655187488663,0.43421495445422215,0.14101514085919872,2.236689227443648e-16,2.1133664337828506
tag.txt,62.43874375,88.7369625,94.7105,5.459743041835938,1.8708555287488307,0.4362173507654656,0.13357173484358303,0.0,2.153293103998959,4.797268202148437,1.6983719691395636,0.4661019305595967,0.15330582382793337,1.2672235025872258e-16,2.078451883719821,4.80538813734375,1.7056669860926839,0.4635989554529391,0.15064887687481168,1.2661524004791536e-16,2.08528861620937
tag.txt,35.4121,53.93356875,57.010325,5.733400114023438,1.9960364139831277,0.4098187129703447,0.1281608605467148,2.318323783563287e-16,2.1683519571554717,4.73653890234375,1.7511144843739055,0.4436681032412328,0.14537351234356827,1.2753214498308804e-16,2.0936012210942696,4.966593413710937,1.8064566003894962,0.43583987154751797,0.13924167890607594,7.472607392954243e-17,2.1191257329269395
tag.txt,157.69010625,157.17200625,160.612575,4.9334211673437505,1.7405513526551621,0.45753431440537395,0.14703592976544122,1.7494605681277917e-16,2.099177517027061,4.805418837148437,1.7067364474989335,0.46379405239387117,0.15122115859356097,0.0,2.0835758487382097,4.773900342773437,1.7016303484364368,0.46381690086553357,0.15123755835918598,5.081284780196609e-17,2.0817173151543154
tag.txt,122.35939375,119.554625,120.5258875,4.6150806860937506,1.72816560515517,0.44553766924587584,0.1516811572654354,7.751965291035838e-17,2.068538663350074,4.208333560585938,1.6253824268739843,0.46209589637323634,0.16204039304667242,0.0,2.0245545088328396,4.423567071523437,1.681665799920824,0.45258797532277606,0.15702731507792872,1.055732512937659e-16,2.0452766077994857
tag.txt,166.1658,165.96185625,170.31568125,4.809409659999999,1.707367477498933,0.46383923926815607,0.1520721599998099,0.0,2.0808798215379256,4.676523053085936,1.6732283522645792,0.46984203641660366,0.15674140531230404,0.0,2.063349444082685,4.659345597500001,1.6719303443739548,0.46908305911270687,0.15660607851542924,5.143369763227823e-17,2.0621399185068654
tag.txt,120.786575,116.90909375,117.47139375,4.640770490273438,1.7327164342957921,0.4450914169026049,0.14785209562481522,1.5460958659720102e-16,2.081931224978173,4.2954082624609375,1.6470377928114708,0.4582008305513848,0.1569629722654288,0.0,2.0418738344227263,4.501376610585937,1.6999436055458124,0.44965650232426485,0.1522522589841847,0.0,2.062558300831501
tag.txt,166.64394375,171.60271875,176.41369375,4.75964627359375,1.701111783592687,0.46352585032415305,0.1501799739060623,0.0,2.0843055843369798,4.639759929843749,1.668859802967707,0.4694994548435174,0.15493327679668134,0.0,2.0662156225571464,4.668890684023437,1.6787193209364508,0.46659654786787735,0.15352319742168308,7.707164276220132e-17,2.0693061666841084
tag.txt,133.59088125,137.16799375,139.87739375,4.343396962460937,1.659135780467713,0.4567886436351461,0.15857529867167677,1.331789099694728e-16,2.0395593404575627,4.129506269374999,1.6037147337489976,0.46581963019539957,0.16407217742166993,1.3658441667489593e-16,2.01416849536248,4.285547596523437,1.6465092773427208,0.4581240206181433,0.15981787132792524,2.6814953719023272e-17,2.03124752512582
tag.txt,175.13938125,178.58916875,184.65690625,4.628468726210938,1.6707524867958308,0.4683292266572728,0.15416868812480727,0.0,2.069042230635575,4.51688866109375,1.6418653456239738,0.47315554427428064,0.15871681781230162,1.305961954738878e-16,2.051054649842225,4.60285757484375,1.6655811635927091,0.46798026065897114,0.15589016562480515,7.762251325983324e-17,2.0602896196907556
tag.txt,130.66390625,130.940425,133.69465,4.352611535585938,1.6604925803895871,0.45636500347392867,0.15490493695293137,7.982271837919147e-17,2.0514698445770385,4.124237104335938,1.6045847571083722,0.4650143546475388,0.16054486218729933,0.0,2.0257455179387893,4.313158074648437,1.6516853513270926,0.457421065371568,0.15632104710917963,1.0691595438267172e-16,2.044221112404879
tag.txt,105.64306875,52.5131625,56.56155625,4.891348219375,1.7446875684364094,0.45306601464674656,0.1445369332810693,2.0079639463180902e-16,2.1042312924980533,5.0128973975,1.774514275623891,0.4482161498611914,0.14337197757794579,0.0,2.111492375839623,5.26498157484375,1.8416672701550991,0.43715855699107525,0.1349411932810813,0.0,2.1426621660533085
tag.txt,88.86355625,43.074325,47.6593,4.998112264648437,1.813121906248867,0.43518500476853644,0.13876703343732652,0.0,2.1216842890987873,4.727303803085937,1.7588392385145255,0.4406893150114017,0.14940797351543822,1.0212532433488636e-16,2.0786842090340207,5.16203581,1.8614301174988368,0.426747649651126,0.13788318679670264,0.0,2.126308567032007
tag.txt,115.2718875,60.95788125,66.8214875,4.799598044375,1.7122782934364296,0.460535947145131,0.14904673531231366,0.0,2.0889004039174917,4.92143043359375,1.7458162156239088,0.45425661155882013,0.14680160437481649,0.0,2.100282364432821,5.065247969375,1.7901051643738812,0.44543785372732353,0.13985580515607518,0.0,2.1236615557409237
tag.txt,80.58519375,36.0936625,39.60845,5.102792043398437,1.850655118983218,0.42809716068263226,0.13641180828107946,1.4744414467688943e-16,2.1298936306702947,5.018823744374999,1.8453316121863468,0.42632343210124907,0.1435812785935705,1.4867244823327225e-16,2.1001726723883856,5.493579717148437,1.9508655403112805,0.41404421282783394,0.13282123070295898,4.736772162884724e-17,2.1463724819279326
tag.txt,131.50796875,161.69319375,130.50858125,4.9218459496484375,1.7398989432801626,0.4572661366326207,0.14563752804669294,0.0,2.103783680728087,4.671556331210937,1.6717760801552053,0.46981279433080575,0.1543392300779321,0.0,2.0702418254363644,4.920337976523438,1.7399655295301624,0.45716457469209254,0.1461013119529424,0.0,2.102031019962589
tag.txt,95.70933125,126.2951625,95.81859375,4.48131926234375,1.688286187967695,0.453073227310522,0.1558925113279301,1.3111345908152485e-16,2.0537158411942924,4.2930973975,1.6395223056239754,0.4613495654343448,0.15812626593730233,0.0,2.0410494146439415,4.601359077773438,1.7197371202333,0.44780267062652895,0.15390567539043262,1.293919194333485e-16,2.0624476571895087
tag.txt,136.38806875,165.15239375,138.740675,4.7228969375,1.6995607093739378,0.46243699720406467,0.1498191706248127,2.554323976040635e-17,2.085645651237133,4.564837186093751,1.6520109640614673,0.4716175496116682,0.15692361054667883,1.299085011617267e-16,2.058338605391168,4.6814762021484375,1.6884765749989445,0.4644327775384351,0.15141763421856072,2.0524793248288437e-16,2.078855344705509
tag.txt,92.28095625,120.94301875,93.86858125,4.50085855859375,1.6938126562489413,0.4520424868609745,0.15276949937480905,0.0,2.064660820751644,4.31798947484375,1.643192219217723,0.46099606651787745,0.15553978601543061,0.0,2.0504880885726156,4.63735717359375,1.7273926837489202,0.4468462561294105,0.15010486101543735,2.5777746025566763e-17,2.0763455263873727
tag.txt,159.96323125,158.7308375,150.97378125,4.898279199375,1.7336283187489165,0.45815997250429163,0.14531234453106837,5.016357066082996e-17,2.103237188202359,4.72910409859375,1.688122436092695,0.4668665850437196,0.15082878882793646,0.0,2.082545123691442,4.722592799375,1.691064703748943,0.4653447279761147,0.14978357195293776,0.0,2.0849121008971796
tag.txt,128.12115,124.761075,114.2400875,4.701029097499999,1.7468016568739082,0.4433190902422357,0.14730882437481585,7.680774223089372e-17,2.086035526100676,4.271648821835937,1.6373094134364765,0.46096170328152103,0.157612077187303,0.0,2.0417354638516643,4.387082842343751,1.6674571781239578,0.4560642828606063,0.15573391398418035,7.950849821860236e-17,2.050890099574681
tag.txt,166.71880625,165.7906375,158.9245625,4.785871670273438,1.7114746496864304,0.4608680033537448,0.14778125773419026,7.612388499026216e-17,2.0922602907211134,4.59592008109375,1.660631609686462,0.4702977927980484,0.1546487210154317,5.178738423676475e-17,2.066396230042817,4.599365324375,1.6631065228114608,0.46957693013364027,0.1539229590623076,0.0,2.0680834970049444
tag.txt,124.06026875,119.14243125,108.79660625,4.738789477499999,1.7609918656238994,0.4400634959737127,0.14573925468731785,0.0,2.0916309578730465,4.261409382773438,1.6412349549208491,0.45875225348395643,0.15692144101542885,5.37815828567209e-17,2.042800066398994,4.448768599375,1.6878438715614452,0.45152799924265963,0.1542563149998072,0.0,2.056570765156555
tag.txt,217.26535625,225.6146,231.46274375,4.37392473734375,1.6184902629677382,0.47190393977388817,0.1583203535154271,0.0,2.0448731914247746,4.34653346,1.601051682498999,0.47667708343111415,0.16473370874979404,0.0,2.02478853268157,5.163858038085937,1.7925839874988796,0.45102764873768314,0.13960648953107546,0.0,2.122177156186549
tag.txt,200.3122,208.68479375,215.5843,4.038000204335938,1.5529443140615293,0.4799603299251932,0.16957302624978804,1.9337266574709073e-16,1.9977818824236884,4.006999979335937,1.5414353813271617,0.4821340359925444,0.17371366179665784,0.0,1.982706961276676,4.613815381835937,1.6938937726551913,0.45718522104166265,0.15080390703106147,0.0,2.0715178099175913
tag.txt,223.163975,231.46808125,236.622225,4.166322827148438,1.5790322890615132,0.4759607586660481,0.16365545515604543,1.9037143947415433e-16,2.0150952068995824,4.286701967148438,1.5901553375771313,0.4783955177414083,0.1675097818747906,1.0724537184840311e-16,2.0089736605390014,6.061015176210938,1.980401622655012,0.4427212973288304,0.12378179484359525,1.1273987140641614e-16,2.1865056556834985
tag.txt,204.52790625,208.4544875,216.146525,4.0641499974999995,1.5633426118740228,0.47688880253905785,0.16315826812479606,2.753565099355625e-17,2.0171534462466316,3.9747984287109377,1.534146333592791,0.4830733773504489,0.1685530358591643,0.0,1.9980141473690642,4.76291076859375,1.7277962949989198,0.45260578088787934,0.14393456742169508,1.5261430456031708e-16,2.0978866300539902
tag.txt,57.10079375,70.21520625,102.64340625,5.254075124843751,1.8278454231238577,0.44123674582802735,0.13763954906232795,0.0,2.1360025883703972,4.859779035898437,1.7219940216395484,0.45994952103511905,0.1499923584373125,0.0,2.0899807393789627,4.889353077148438,1.7311197175770427,0.45822948265125324,0.14672436304669156,0.0,2.0990519644521957
tag.txt,39.0322875,48.68675,74.498,5.318818470273437,1.8982645913269385,0.4226113716208318,0.13595712203108007,0.0,2.133971406277088,4.6326707730859376,1.7276005268739203,0.4466954589461623,0.15089747429668637,0.0,2.0723778045764125,5.029646024375,1.816209082186365,0.4354530844707497,0.1387409033592016,0.0,2.1219823954265373
tag.txt,62.83358125,75.18540625,106.87849375,5.1033828248437505,1.7891302007801317,0.44759172639296374,0.1416755884373229,0.0,2.1199092589484914,4.7659739233984375,1.6973711428114393,0.46445228952472595,0.15340737914043326,0.0,2.076825387248185,4.835444937499999,1.7141056843739286,0.46176655921996607,0.14942710476543825,0.0,2.0888501741246643
tag.txt,41.38806875,50.46643125,74.52448125,5.3441942840234375,1.9000354588269377,0.42275142776764196,0.13507475226545612,0.0,2.138680605818597,4.735203491210937,1.7491119160145319,0.44414664042244184,0.14746025093731568,2.2959022837459944e-16,2.0869964341862133,5.051755474375001,1.8197376846863627,0.43506629995520246,0.13746685624982818,4.939568928450133e-17,2.127740822051308
tag.txt,79.81425,106.551875,137.19713125,5.398664646523437,1.852581926092592,0.4397626756724994,0.13698668914045378,0.0,2.1424804826375667,4.868568667148438,1.7108088946864306,0.46519671216609243,0.15649255062480436,0.0,2.072680759487456,5.142490099375001,1.7763520753113897,0.4545762980303112,0.14612865437481734,4.8957978643440526e-17,2.1080463511098766
tag.txt,58.573125,80.60864375,105.3094875,5.007778712343749,1.8107420910926182,0.4357535193285601,0.14189153328107268,4.961210401570646e-17,2.1115412812495995,4.494824139648436,1.6755407792958277,0.4580812816550718,0.15438075648418204,0.0,2.059999873233974,5.046679612343749,1.8099887143738687,0.4380419800646562,0.13898309562482627,0.0,2.122914295665718
tag.txt,89.184875,116.438025,145.87555,5.6282784975,1.9064260062488083,0.4318888011798654,0.13267086999983416,7.01962126710137e-17,2.159815752473975,4.951866717773438,1.7305594265614186,0.4622794895992545,0.1538892195310576,0.0,2.0816455111302057,5.27862889,1.8083969762488696,0.44969777674483674,0.14308979617169612,1.2080631982074825e-16,2.120223153173504
tag.txt,55.353375,77.34730625,103.1247125,5.384711309023439,1.8963259021081897,0.4247631677851148,0.13340830820295826,0.0,2.147955883843587,4.66346572984375,1.713616507342679,0.4527293942761217,0.14956014031231304,0.0,2.0812687643732715,5.337145010585937,1.8746847083582034,0.4297681184576621,0.13300895968733373,2.4028447633513135e-17,2.1494359835160357
tag.txt,76.97675,109.2962875,122.5733125,5.462384271523438,1.8789393376550754,0.4333962546961233,0.13150000476546062,0.0,2.1604179256999467,4.806320130898438,1.7089072273426817,0.4624963806754182,0.15008525023418737,0.0,2.088301663256261,4.865689826523438,1.7257517471082964,0.45932339040819226,0.14667465499981666,0.0,2.0990871215916447
tag.txt,59.1948875,85.25524375,94.3915875,4.929910419375,1.798545418123876,0.43622084652751025,0.143184807812321,0.0,2.105556572681908,4.522811265273437,1.6900967038270687,0.4543783800863658,0.15147960070293565,1.305106598555304e-16,2.069481241752325,4.94565692484375,1.7939212087488787,0.4388014300434555,0.14116803453107354,0.0,2.1133178555015326
tag.txt,88.6180125,121.77455,133.7305625,5.6055874375,1.9035284687488103,0.4316593656752419,0.1306304971092117,0.0,2.165897763633459,4.87726856,1.7190344474989256,0.4628566035004324,0.15017917289043728,7.540725542028797e-17,2.0895249643327087,4.961166394374999,1.7395922556239127,0.4592271498000002,0.14684291234356645,0.0,2.101560266119796
tag.txt,56.95594375,83.46429375,91.0011625,5.104076706210938,1.8483508274207197,0.42746085949810464,0.14154361601544807,0.0,2.1129354029600838,4.583353113710937,1.7142992340614285,0.44875619584634946,0.15018054257793728,0.0,2.0743915042968264,5.08224100484375,1.8364708565613523,0.43065753348846086,0.1393579714060758,0.0,2.120839463505816
tag.txt,77.7406625,110.04559375,123.3846375,5.482392701523437,1.8805378278113245,0.43384161819804445,0.13225127015608468,0.0,2.15846506696356,4.812622124375,1.7103117184364311,0.46258550615518235,0.1501817542966873,0.0,2.0879838502444077,4.8988414058984375,1.7322811134364173,0.45871829755785387,0.14650651078106686,0.0,2.1006644417036076
tag.txt,58.87283125,84.9504625,94.03759375,4.944101002773437,1.8019009462488738,0.4356927963190271,0.1433351945310708,1.4979171661441126e-16,2.1047153233260567,4.509771178085938,1.688158505311445,0.45448840688854025,0.15177107210918525,5.227968425797309e-17,2.0680910252076194,4.939767871835938,1.7933551642957541,0.43867075882997497,0.14161617203107296,1.9980986713357533e-16,2.111495693396963
tag.txt,88.32285625,121.47374375,133.1147625,5.584611299648437,1.8999380027331876,0.43206000159189556,0.1308185696873365,0.0,2.1653748554399668,4.8616551173437506,1.7144370754676785,0.46376136287112707,0.15115841164043606,0.0,2.0866309178251843,4.925690684023437,1.7303960386707933,0.4608409931758042,0.14780973484356524,7.503569357552914e-17,2.0971016556823425
tag.txt,56.79951875,83.3881,90.8920375,5.1002787123437505,1.8468748198425955,0.42778788685943053,0.14134397953107333,7.374023459535239e-17,2.1138487419376575,4.608019548085937,1.7199640430457999,0.4478544306943625,0.15009196859356236,5.1719349414697193e-17,2.074900640646258,5.102286836093749,1.83999332031135,0.4303814261313,0.13913119539045107,0.0,2.1219301404487827
tag.txt,108.32535625,54.041675,57.9369375,4.896926651210937,1.74371585140516,0.45368948232335427,0.1443840539060695,2.5085248929260006e-17,2.104856031593145,4.987840234375,1.7656559609363964,0.45023448466948685,0.14363422437482046,1.4913349574948847e-16,2.1109518614699363,5.208730262148438,1.827228765858233,0.43948751408306636,0.13563148179670545,0.0,2.139755291525942
tag.txt,88.33350625,40.9851,44.48854375,4.9198922012109385,1.7960840917957523,0.43741699250801735,0.14015787593732482,1.0010653107738409e-16,2.1148795746537448,4.771184987343751,1.7702832164051436,0.43908394645421167,0.14781551031231524,0.0,2.0843421296295053,5.20372753609375,1.8730952793738291,0.425056689089647,0.13689880781232888,0.0,2.129636117352781
tag.txt,116.3200875,61.46210625,67.17720625,4.774922844375,1.7081538240614322,0.46079850079739143,0.14886889968731393,0.0,2.088762356406561,4.89572082984375,1.7404786124989124,0.4548795416896711,0.14707918695294114,0.0,2.0981371827234523,5.052017024375,1.7846629687488846,0.4466537274438539,0.14074399562482404,0.0,2.120118286568606
tag.txt,81.9968125,36.802925,40.0984375,5.1055964515234376,1.8503966871863438,0.4283078811635104,0.13664935179670418,0.0,2.1291057418209904,4.999657359375001,1.8397241499988501,0.4272585086716793,0.14417694046856977,1.986095286635873e-16,2.098115089960385,5.480848809023437,1.9466845444519083,0.4148062723921337,0.13305984960920866,0.0,2.1454704928409916
tag.txt,90.39950625,47.238975,45.3095125,4.151012174648438,1.596855143983377,0.46895845094792493,0.16028238140604964,0.0,2.0280833371843774,4.277060585585938,1.6299757121083562,0.4632809213517107,0.15858648906230177,0.0,2.0373387269255367,4.73563199609375,1.742733675780161,0.4465057025742818,0.146382061562317,0.0,2.0889739157339458
tag.txt,129.74919375,78.85131875,75.77030625,3.7732530968359375,1.4552957492959653,0.5034074352198831,0.17746197367165317,0.0,1.966841305656361,3.8164162775000006,1.468679476874082,0.5001673257544447,0.17462981890603171,0.0,1.9786027141824067,4.501357983398438,1.6474365703114704,0.4679983190216959,0.15198703984356,0.0,2.0698420917420886
tag.txt,91.04108125,48.51755625,47.62288125,4.330272640273438,1.6415011942958488,0.4619403508168805,0.15587028093730515,5.33522314470084e-17,2.047009501994206,4.348536193593751,1.649419823436469,0.45980379784625847,0.1574453174998032,0.0,2.0426205118794893,4.710986144375,1.7383660262489133,0.44678875926250916,0.14769837726544038,0.0,2.08344139492206
tag.txt,136.82855625,83.5239625,79.82060625,3.978312223085937,1.5011784660928118,0.4956776730591978,0.17109047828103616,1.1132450471947885e-16,1.9919213969299014,3.9340322100000007,1.4948358612490658,0.49595754665290775,0.1702031997654123,5.597463266801606e-17,1.9946592539243733,4.563260234335938,1.6564250771864648,0.4676977619230093,0.15050347804668684,0.0,2.076457074350802
tag.txt,63.01945625,48.0822125,85.0728625,4.9918188975,1.795280538748878,0.44095706701885606,0.13534207093733083,0.0,2.1343828545705246,4.1123786775,1.588477249999007,0.46974337314289083,0.16430472484354464,0.0,2.0136938410474254,3.8446617983984375,1.5209507042177992,0.48112580127695415,0.16679934046854147,7.077683687497136e-17,1.9952421499651471
tag.txt,105.11375,79.52738125,123.52899375,3.3240196693749997,1.3417532756241615,0.5248883795293197,0.1939179956247576,0.0,1.8976638812707698,3.6974917827734375,1.4413908186709739,0.5043668612952004,0.18025504703102468,2.453835970936239e-16,1.9584270668984567,3.8056891965234376,1.4606026765615872,0.5030761590395442,0.18037126859352454,0.0,1.9616849470297635
tag.txt,70.17369375,52.50306875,90.34351875,4.936361682460937,1.7804342053113873,0.4431783902248742,0.13658462117170425,0.0,2.129126486772196,4.13492442359375,1.5894844871865068,0.4703040675665127,0.16563123531229296,0.0,2.0107931389057656,3.92143266109375,1.5358297248427903,0.4795850966062654,0.16555179257791805,0.0,2.002405867036804
tag.txt,116.5249625,85.8766,131.3338875,3.4116269980859375,1.3548365402335283,0.5241027550778053,0.19428312554663218,0.0,1.9020915658801385,3.74184638734375,1.4460718170303462,0.5051926545066857,0.17870665156227658,0.0,1.9646008209262258,3.7536102499999995,1.441442537499099,0.5079706504939455,0.18256521499977182,1.5758624712593865e-16,1.953330407162927
tag.txt,27.7486375,38.08564375,33.91533125,5.334140718398438,1.8875565758581951,0.4301759040962035,0.1330220721873337,1.2017606663055523e-16,2.1434870189708612,4.491036599375,1.6812617984364493,0.4567610545870087,0.15060830507793674,5.238861439844615e-17,2.0692098828713865,5.089983206093751,1.8280564640613575,0.43636927242427026,0.13799663851545252,0.0,2.123842235727813
tag.txt,55.7867,75.16146875,66.00315,4.873936757460938,1.7370081270301645,0.45389719780763704,0.14438057585919453,0.0,2.10406183546696,3.842231139999999,1.4746135924990784,0.4989360887171153,0.17699287953102874,0.0,1.9727157961349095,4.473543865585937,1.6355760219521027,0.47077019840758333,0.156792902656054,2.6245470547331643e-17,2.054677139046856
tag.txt,27.89080625,36.74639375,33.267525,5.2235819775,1.8625898387488358,0.4335930904738318,0.13579971992170523,0.0,2.1307555178358273,4.535663029335938,1.697759862577064,0.4538715795213744,0.148805473671689,7.819537695402857e-17,2.0753210159536706,5.08330748109375,1.8303079048426059,0.4361004484047333,0.13872393085920157,0.0,2.119579145779678
tag.txt,61.91494375,79.72478125,72.34748125,4.965460330898437,1.7528138750770295,0.45267042230927024,0.1436712102341954,1.4946919884545953e-16,2.108412353456623,4.071148734375001,1.5284093124990448,0.49018804781750697,0.1704542092185369,5.5023944920454443e-17,2.0014161648684285,4.5839786240234375,1.6586101203114632,0.4678654568654428,0.15434169992168206,1.8149178081056347e-16,2.0656915514916143
tag.txt,37.60646875,53.33465,72.15884375,5.036265119375001,1.8116655428113675,0.43799704941614065,0.13921863320295097,9.894319132176344e-17,2.119165240826362,4.278394324375001,1.6191407934364883,0.46685799603451,0.15832618554667707,0.0,2.0396683286337094,4.23690692484375,1.6138481878114912,0.4670745969263292,0.1575073139841781,1.8877904782364868e-16,2.0393676629766997
tag.txt,71.215775,94.4369,108.35905,4.85766449,1.7288232062489193,0.45598251993093264,0.14411452562481986,5.037284178879286e-17,2.104558719676528,3.766680452773438,1.4523058946865923,0.5040753150320775,0.17804524070290242,0.0,1.965685669142494,4.375654457773437,1.6117997074989925,0.47510072588642804,0.15768336945292788,0.0,2.0485874370991772
tag.txt,42.34640625,57.58175625,75.6028625,4.9420845668359386,1.7901080453895064,0.4402023687350306,0.14238167835919702,0.0,2.1068002390187925,4.293222733398438,1.6250950683583592,0.4654534663312206,0.15780370804667776,1.3395487003178915e-16,2.0411243350790538,4.30802229359375,1.63154548890523,0.46418943574274274,0.15644287374980445,0.0,2.044645803685233
tag.txt,78.84598125,103.03274375,117.68613125,4.97254914,1.7496870399989066,0.45406346493608285,0.14211350992169738,1.4936262006334296e-16,2.1133607624505304,3.9490933043359373,1.491022410545943,0.49874501645273245,0.17306889828103364,1.676033771464844e-16,1.9879275884247125,4.523180621093751,1.6392350999989755,0.47250978692975215,0.15496620320293125,0.0,2.061952344368147
tag.txt,39.69500625,56.8957625,79.5230875,4.845637109375,1.7641720937488974,0.4444866423805331,0.14403340062481995,5.043531838558647e-17,2.0991908895767186,3.6987415137109374,1.4697723376553313,0.49215062872727167,0.17880546632790148,1.4431890499026167e-17,1.9563399377181265,3.773986494375,1.4916979428115678,0.4886312654166824,0.17155109445291056,0.0,1.980672881114213
tag.txt,63.29725,84.9626625,112.95006875,4.5884084860937495,1.670783445936456,0.4638117577764155,0.1519149564060601,0.0,2.073389525576287,3.9369945798437502,1.5001923595303124,0.49421457171969774,0.1737452836716578,0.0,1.987432540053365,4.3154636630859375,1.5957042117177527,0.4780241645237889,0.1604793263279244,1.068873900001575e-16,2.038146593708667
tag.txt,43.20180625,59.97353125,81.68925,4.690380224375,1.72727696124892,0.44936141930318735,0.1486161378123142,1.7942139502685814e-16,2.080941917063491,3.6287529137109376,1.449735188358469,0.4962771138191251,0.1826486987497717,1.4570401419800958e-17,1.9433008223123078,3.7317674935937495,1.4792358518740754,0.4911840072015906,0.17380072921853273,1.4367887780956196e-17,1.9726312882258608
tag.txt,72.2954,93.801675,119.88233125,4.72580193109375,1.7010587628114366,0.45968945527512783,0.1484975786716894,1.276769386127827e-16,2.0877922305817163,4.12893269,1.545910432499034,0.4869682171327265,0.16741048648416573,0.0,2.0129803511364583,4.6181987775,1.6673858824989578,0.4668449739047502,0.15293716367168383,0.0,2.070085204687257
tag.txt,131.35944375,126.58275625,113.00895625,3.3482656693750004,1.3663871671866459,0.5151106278382276,0.18917734937476355,0.0,1.9122480709696608,3.0533212483984373,1.282921806561698,0.5330694384635165,0.2029780953903713,1.588414941461536e-16,1.8588780407122314,3.279460116210938,1.3467132984366583,0.5200604515993889,0.19302723843725875,0.0,1.898327054504676
tag.txt,166.01925,160.70315625,141.88815625,3.66810591,1.4327202624991044,0.5062129205279272,0.18409454515601986,0.0,1.9423604106070638,3.374517217773438,1.3560478257804025,0.5206062609278428,0.19625279039037966,1.5109301611101135e-17,1.8943768049574354,3.7666151193750004,1.464033231874085,0.500284227817974,0.17810650039040235,1.4301269587286112e-16,1.964722066530476
tag.txt,132.36601875,127.57273125,114.4771875,3.259233580898437,1.34372287765541,0.5190602195804797,0.1932847843747584,3.07483960936772e-17,1.895797634329705,2.940294319375,1.2553442712492153,0.5375637023883864,0.20789427140599015,0.0,1.8379232606703697,3.1607775774999993,1.3161492393741776,0.5254810898283021,0.19887274273412642,1.0928266722975061e-16,1.8754089001551852
tag.txt,172.63494375,167.2589875,153.8095,3.8579632774999997,1.4770240843740767,0.49871289886344256,0.17957503374977551,1.130475510455089e-16,1.964787845643504,3.6039147199609376,1.411436947030368,0.5106279598736799,0.1902661403122622,5.848209933337033e-17,1.923358817648893,3.989802178710937,1.5142809812490536,0.4922347440131107,0.17332162867165835,2.7791022819667336e-17,1.9881688114399587
tag.txt,31.6961625,44.9190375,49.6482375,5.156932040585937,1.8378373883582264,0.43557678980401804,0.1373004699217034,0.0,2.127999255482123,4.420564143398438,1.6549710677333407,0.4614247307816845,0.1542932717185571,1.3201137952966813e-16,2.0563551966420643,4.453761561523437,1.6682887242177074,0.4584176481753919,0.1530111766404337,1.315184665483982e-16,2.0610076673218694
tag.txt,55.96891875,74.772025,75.11575625,4.929576147460938,1.750131523436406,0.45205893714066103,0.14482640078106895,5.00040775983354e-17,2.10370793721841,3.9414161296484367,1.499848542264688,0.49426038690750673,0.17448414976540694,0.0,1.9836607055939774,4.5410624375,1.655407712498965,0.46717698393701934,0.15516679851543103,0.0,2.0623486240872526
tag.txt,33.67570625,45.6221125,51.1980125,5.10259599609375,1.827169238280108,0.436444331737957,0.1389634147654513,0.0,2.121207598771084,4.49220209,1.676731014998952,0.45748958073409557,0.15197160874981006,5.238181791025255e-17,2.0656264112074765,4.488893359375,1.6793188359364501,0.4563355640908048,0.15243323492168445,1.3100279870401956e-16,2.0636986958111225
tag.txt,61.03866875,80.444725,81.1344625,5.011271862148438,1.7611261890613992,0.4521330447503875,0.14313046765607107,2.47974048659945e-17,2.111463357030046,4.078763657773438,1.5282098339052947,0.4905284464448598,0.17023855531228718,1.6491767082006302e-16,2.0019470473621217,4.579251687148438,1.6569125221083392,0.46856723667845046,0.15459061031230675,7.782232678982739e-17,2.0657996932174414
tag.txt,40.187325,56.4258625,75.38275,4.91758925609375,1.7802980674988873,0.4423284597152666,0.1424572853904469,7.509747649828258e-17,2.1065107436214343,4.138235602773438,1.582366678436511,0.4730945280792439,0.1615327021872981,0.0,2.025810197733374,4.30618158109375,1.630137734217731,0.46480153841777516,0.15593893101543005,0.0,2.0471944069775665
tag.txt,71.384525,94.43509375,108.34671875,4.757029782773437,1.7019701102333114,0.4607292775044708,0.1477451843748153,0.0,2.0912413287769605,3.6897598427734373,1.4306277695303558,0.5086367945051103,0.182420580702897,2.889888997636918e-17,1.9508074261877173,4.324468290585937,1.5940405957021286,0.4793216035946924,0.16175807976542278,2.1355209767858835e-16,2.035049041750042
tag.txt,41.4989375,56.4523625,74.88645,4.831039624023437,1.7609738046863994,0.44475515961148915,0.1446683347654442,1.262786466793147e-16,2.0974645323040413,4.182789559023437,1.595124417889628,0.47065919738453,0.1605588307810493,0.0,2.029936486382626,4.260158843710937,1.6186155063271135,0.46651318375461676,0.1572772419529284,0.0,2.0410451768378133
tag.txt,75.8252375,99.59809375,113.884275,4.82007958984375,1.7124836523426796,0.46006057236804976,0.14760520992169052,0.0,2.093530693348205,3.76362880859375,1.4479670898428447,0.5059629719944367,0.1799395133591501,1.4306942246180297e-17,1.9621905535064381,4.415797519960937,1.6125484976552422,0.4770755111354184,0.15948795226542561,1.0566608801074377e-16,2.045437515238127
tag.txt,102.9431375,56.04724375,61.8169375,3.6848384548437507,1.4490816843740943,0.5009729593115178,0.17964684968727546,1.1567272756803986e-16,1.9551300351071237,4.399364618710938,1.628998173123982,0.4691671559452251,0.1564846676560544,0.0,2.0520533285020854,4.456593164023437,1.646469393123971,0.4657585807670543,0.15371774679668285,1.051813425744693e-16,2.060601919695179
tag.txt,67.9946,37.0412,41.0391125,4.45277545484375,1.671868190467705,0.45761633159120096,0.15080581976543647,1.5783963444946616e-16,2.0669799220363227,5.1312327655859375,1.8431399514050981,0.4359393601780534,0.13707225562482866,0.0,2.1247292502127535,5.45928768609375,1.9131047257800544,0.4269317998649645,0.13070434687483662,2.3758128402304605e-17,2.1546408405641326
tag.txt,109.1980375,61.69285,69.30205,3.4974322400000006,1.393923789999129,0.5144616461165826,0.18918701445288855,0.0,1.9217400614775926,4.1258296974999995,1.5574624131240267,0.4820852696492001,0.16580014929666775,0.0,2.0153846941457254,4.113458864023437,1.5595935039052755,0.4809282413563199,0.16438873499979448,0.0,2.017713226953694
tag.txt,65.02390625,35.94960625,40.1435625,4.5243896787109374,1.6883832074208196,0.45565900959557415,0.14807288976543992,0.0,2.077361928908692,5.183344059023437,1.851231405311343,0.4356971613862444,0.1363252599217046,9.75293180978314e-17,2.128992429867374,5.566056678710938,1.935893725389415,0.42484878645358165,0.12875929929671404,0.0,2.1632177033097344
tag.txt,46.2862125,57.51229375,81.2915875,5.116123994375,1.8012404703113742,0.4439863294658889,0.1389686418748263,9.816793951733569e-17,2.124859366867553,4.513756124375,1.651238346248968,0.4667404525559669,0.1556962258591804,0.0,2.0579589310742197,4.315609744375,1.607926239373995,0.47326109118795306,0.1579191334373026,0.0,2.0439916198100074
tag.txt,32.0988,38.52516875,52.34004375,5.595415974375,1.9447030337487845,0.42679550836688424,0.12732662281234083,2.1120613832673568e-16,2.1671543543594054,5.014953997499999,1.8120279787488673,0.44019192868070584,0.13889757546857637,0.0,2.117765301323977,5.088826244374999,1.827150399373858,0.4369061931958414,0.13555618554670554,0.0,2.1326525284170827
tag.txt,52.9746875,63.6728,87.572375,4.80967531,1.7273387187489204,0.45438388589616835,0.14503954187481868,0.0,2.098971812921348,4.310105560000001,1.5970787549990018,0.4765147675046847,0.16125355382792345,0.0,2.035512876138605,4.177466177773438,1.5702053567177685,0.48065902591649357,0.162360956484172,0.0,2.0263630564447896
tag.txt,28.25981875,34.22190625,46.161075,5.63448678609375,1.9529812171862797,0.4288181331229244,0.1267974496873415,7.015752960585173e-17,2.167898604770766,5.074225241835938,1.8275663957801078,0.4395974772800009,0.1372016625779535,2.4643100272044468e-17,2.123782503294656,5.117023678085937,1.8370835929676017,0.4362554579756277,0.13427273187483219,0.0,2.1367391855178908
tag.txt,69.87236875,86.4511125,89.7118875,4.13503440609375,1.5900065504677565,0.4706106157847494,0.15946461851542568,5.459723445542295e-17,2.028743403276761,3.36431272484375,1.388693333592882,0.5040327915978611,0.1884771209372644,0.0,1.911314625673651,3.7024265673437506,1.4807466987490745,0.48784682401691354,0.173626155077908,0.0,1.9692320846872589
tag.txt,78.14256875,95.62655,102.80596875,3.642393359375,1.4650977031240842,0.49035200788450023,0.17518514937478105,0.0,1.9626179996834463,2.98534919,1.285107838749197,0.5246338046548227,0.20463022226536923,0.0,1.846224310841679,3.2361517923437497,1.3514322598429054,0.5128023954783334,0.19218329687475977,1.542892870736453e-16,1.8942464316004601
tag.txt,81.38275625,96.8495875,102.403425,3.4718683593750006,1.4119673046866177,0.5014199052683065,0.180812586952899,0.0,1.9395198315237017,2.806987424648437,1.2252538807023592,0.5389694204551062,0.21401952945285746,0.0,1.8100045780068232,2.984408280273438,1.2773759695304518,0.5289637917619178,0.2018249631247477,0.0,1.8531925550436992
tag.txt,76.75866875,92.88896875,94.80811875,3.2807586593359375,1.3708900949210179,0.5080023383611094,0.19546050117163066,2.1453151923367444e-16,1.8876977695525547,2.7621826923437505,1.2210931242179868,0.5396385608581631,0.222402402109097,1.8370318991034588e-16,1.7870589420679455,2.9088528100000004,1.26427265374921,0.5314580396158919,0.21209078609348483,1.6273813698660247e-16,1.8228538516711088
tag.txt,90.08105,112.72086875,153.55645,3.8313430090234366,1.505885101092809,0.48505292017839885,0.16881641882791396,1.701593997600813e-16,1.9909586266957158,2.98361498609375,1.2711958059367054,0.5300034440950404,0.2078375692184902,1.606862899016961e-17,1.8404772955144784,3.7128767974999994,1.4625728618740859,0.4953843409171809,0.1731232446872836,2.3047027994944227e-16,1.9714253676280082
tag.txt,94.734525,119.19634375,162.670025,3.3212758687109374,1.3800226614835123,0.5067326296946773,0.18857191476538926,1.6752916534457874e-16,1.9101173023678264,2.5761166360937495,1.1647254814055221,0.5536587059607455,0.22756395453096553,1.5563596390396574e-16,1.7616194994243024,3.44786887109375,1.4021531273428738,0.5059808833138552,0.18299633281227126,1.7937259490026818e-16,1.9314161457876706
tag.txt,93.06145625,114.8944,154.1187875,3.3884070762109375,1.3892744807803818,0.5059202318616397,0.18416163437476976,1.206264125056587e-16,1.925915397536825,2.6242589874609377,1.1681550764836448,0.5534758430762879,0.2249974410934687,0.0,1.770536695278876,3.2780553599999998,1.347106539999158,0.517475464327017,0.1893373032810133,9.197998258976773e-17,1.9033802686874761
tag.txt,90.08523125,111.42908125,148.70089375,3.08068749234375,1.3100051757804312,0.5217648433734511,0.20502183484349368,1.106940891679111e-16,1.852277370302498,2.4771270933984373,1.1322583400774173,0.562577733415708,0.23932997054657582,2.116202934266794e-16,1.7259607878431242,3.2334795273437504,1.3428094796866608,0.5183689169141278,0.1973682596872533,0.0,1.8814354346095237
tag.txt,76.04758125,96.58969375,135.81474375,3.447968992148437,1.4088446013272444,0.5026205607384456,0.1901497116403873,2.989499843310015e-17,1.9124986897405034,2.943760619375,1.267123046249208,0.5322304826455437,0.21211753648410983,4.8531109746225746e-17,1.8281532900211324,3.7304832775000003,1.4792418624990753,0.4916436262061184,0.1761057680466549,1.4370360635368165e-16,1.9655373963488731
tag.txt,95.33925625,117.54715625,158.23529375,3.84157179,1.4861244912490712,0.49393763635635296,0.17324371601540847,0.0,1.9841382711616233,3.2446909562109374,1.3221947957022988,0.5267483680760371,0.19905156679662622,6.163445165704513e-17,1.8854054842206134,4.01084933609375,1.5174743701553015,0.4914905562424897,0.16805119632791493,0.0,2.0040829943465908
tag.txt,79.83585625,99.68810625,137.1579375,3.3056100693359376,1.3694340214835192,0.510961487000669,0.19531252343725586,0.0,1.8921010663451212,2.81585570484375,1.2305359606242308,0.540530668114359,0.21882806249972647,2.481054324582429e-16,1.8015285132830252,3.5467613193359373,1.4332702046866044,0.4997984764528385,0.18206428429664742,1.473785345071863e-17,1.9390883757872672
tag.txt,95.3476375,116.3189,152.4403875,3.637278344375,1.4321469471866048,0.5037894597988339,0.17889008914040133,8.731989355829312e-17,1.957030630199674,3.1461426985937497,1.2933428653116916,0.5329285818127445,0.20200017953099747,0.0,1.8693933186018983,3.8197127974999994,1.4664757062490834,0.5010549931287034,0.1744630204685319,0.0,1.9770450875115342
tag.txt,56.6479625,64.5812,79.453775,3.3656360493750004,1.3811068784366367,0.5089893397459156,0.18879190898413903,1.6642145879923876e-16,1.9131917747414555,3.11028341,1.3072260049991833,0.5247833726929285,0.20052451226537435,0.0,1.868342884283794,3.2611410185937495,1.351762137655405,0.5161366169279635,0.19099192421851127,1.0758790849739898e-16,1.9011317666163319
tag.txt,63.56016875,71.85970625,87.68574375,3.4194511048437497,1.3859786443741338,0.5104681925718573,0.18842111874976453,2.2514550202194343e-16,1.9189630983439108,3.164544381210937,1.3142683032804283,0.5256725821168897,0.19953821289037554,2.1843521496871543e-16,1.8760033816236277,3.4178968693750003,1.3857906128116337,0.511486734123881,0.18674535265601658,6.005244984252957e-17,1.9229330709849273
tag.txt,64.55101875,71.66980625,85.93755,3.4498012887109377,1.399906711874125,0.5067200048166248,0.18831034617163966,1.4943529149099947e-17,1.9187960772273494,3.2014093399999997,1.3300621399991686,0.5213702825284449,0.1994497131247507,7.756210992953573e-17,1.87662994292382,3.379629499375,1.380838347811637,0.5116280951140812,0.18964912984351295,7.548934777102941e-17,1.9117394967160632
tag.txt,67.58929375,74.78548125,89.0535625,3.5025953085937496,1.4108534179678682,0.5045865662719576,0.18363757992164548,1.1864384735460994e-16,1.9339774270511065,3.2181492999609373,1.3328954689835422,0.5205069392842564,0.19513835359350604,0.0,1.8891602603889246,3.4320584975000004,1.390305263124131,0.5098104462582213,0.1857644528122678,5.992842521992118e-17,1.9245522959813086
tag.txt,55.24865625,62.709475,76.5939,3.9375860621484375,1.526426192889671,0.4835246723375876,0.17004826429666242,0.0,1.9922182709748577,3.6233717608984377,1.4414528159365991,0.49942889109809196,0.18193068843727253,0.0,1.9452442772911516,3.7495914637109373,1.476419032655327,0.49323465122066845,0.17514686515603106,0.0,1.9692900209181297
tag.txt,59.63766875,66.74556875,81.35099375,4.044986991210937,1.5524489332021547,0.47932914374423946,0.16921796515603846,0.0,1.9967498427680095,3.724224984375,1.4682439031240824,0.4948768479055064,0.17997400132790006,1.0067700822917303e-16,1.9545144094546765,3.95540236734375,1.5303829751552938,0.4835900147753458,0.1705685956247868,0.0,1.9896081945069923
tag.txt,56.51306875,62.86318125,75.614125,3.99366801,1.5455193749990341,0.4793311641533381,0.17146916562478567,0.0,1.9885791764535117,3.6415451974999997,1.4520651712490924,0.4964790075152195,0.1836123510153955,0.0,1.9402143541928942,3.760697995273437,1.483191534139698,0.49129222322415994,0.17682174812477897,4.293754815907065e-17,1.9637678534822172
tag.txt,63.7236125,70.01953125,82.8603125,4.1851898398437495,1.5879982749990076,0.47337593842474107,0.16222223117167223,0.0,2.0240440440780136,3.8354238560937506,1.4978716843740638,0.48897598292963396,0.17372195398415782,1.4172404320519207e-17,1.9772689225805269,4.0125393775,1.5437932887490353,0.48135791551361257,0.16656632687479178,0.0,2.0044284633175193
tag.txt,150.78415,150.531425,157.08776875,3.126889709335938,1.324735799764797,0.5150955865790087,0.20164520585912296,1.0987325035203946e-16,1.8621121400451812,2.952649153085937,1.275273970702328,0.5248011376750383,0.211193844530986,0.0,1.82802360709757,3.3205637880859373,1.3678140699210202,0.5091663422161226,0.19490456914038135,2.893995835790157e-16,1.893251297797512
tag.txt,173.2301625,174.39600625,181.98736875,2.84664718359375,1.2439450132804728,0.5313687271395162,0.2156146010153555,3.2901324881566745e-17,1.8129808682320232,2.7820483671484375,1.2181796138273635,0.538224639770332,0.22226199242159717,3.1617059413007803e-16,1.7948756608642968,3.38193221109375,1.372944160936642,0.5105012994470999,0.19533474343725588,0.0,1.900782683048522
tag.txt,154.38508125,153.90365,161.564525,3.3502689833984376,1.3876505800772576,0.5038527732300976,0.19215877414038474,0.0,1.8974215603431295,3.2053613243749997,1.3491969403116568,0.5101317912090134,0.19997470749975,0.0,1.8706400323630774,3.721394,1.4763722999990774,0.4912468986090853,0.17867098507790166,1.8704269084392595e-16,1.955968850212497
tag.txt,166.242375,165.85673125,174.04371875,3.1636593952734375,1.3293797125772941,0.5150905575977572,0.201620545780998,0.0,1.8676400418227452,2.87999144234375,1.2491361134367192,0.5309429167357784,0.2164025389059795,1.308412249052579e-16,1.8144563543442764,3.53153269859375,1.4140674849991164,0.5030725147181769,0.1891747089841385,1.772351452618726e-16,1.923686357229327
tag.txt,173.79948125,167.27660625,178.2905625,3.6294608974999996,1.4425037824990985,0.49759527453088653,0.18170071796852288,0.0,1.9450382765383532,3.2190282412109372,1.3292005851554194,0.5199235559742144,0.2000733157809999,9.281946721398828e-17,1.8764296746351918,3.56602941,1.420701567499112,0.5030072569473293,0.1842825236716447,5.879193395678691e-17,1.9362177745807827
tag.txt,168.3783125,161.081275,171.0274125,3.5394477993750004,1.4271042403116079,0.49865526345263683,0.18386801624977014,2.950614384081233e-17,1.9338035483403428,3.20902566234375,1.3417007110929113,0.5134163459842906,0.19817196835912732,0.0,1.87798824047534,3.6969668418359376,1.463747615936585,0.4933431790724255,0.17897517921852626,1.0104747790477656e-16,1.9550266712176734
tag.txt,190.55039375,185.103725,196.72053125,3.492646455898437,1.4123656828116173,0.5016060497258586,0.18478361023414402,0.0,1.9287990993219775,3.2477612775,1.3415462481241613,0.515882075647881,0.19795591882787753,2.4642124491800293e-16,1.8827793818125187,3.8944894975000004,1.5050820756240593,0.48820318441615995,0.17291720976540884,1.9690329496832078e-16,1.9812812499005497
tag.txt,178.41860625,169.79145625,179.714925,3.7978690887109376,1.5009204755459369,0.48735594987852676,0.17337899078103325,0.0,1.9734177112981635,3.3131959975000007,1.3791044187491381,0.5048381741552445,0.19288612078100886,3.049696675066694e-17,1.8950104251683926,3.9688343748437505,1.5409073281240369,0.4816950681805688,0.16812205218728987,0.0,1.9966549967380438
tag.txt,180.9499,184.900075,201.27014375,2.397060385585937,1.1339039800774162,0.5478738269405389,0.23758809390595298,7.170851261298687e-17,1.7159820806469044,2.3513155871484375,1.1100966174211813,0.55525301437591,0.24792820367156507,0.0,1.6925306971653145,4.288115660898437,1.5895445600771316,0.48179417228102067,0.1697555647654128,5.3613846108861365e-17,1.9983252227176378
tag.txt,188.5056125,192.41795,207.29089375,2.56381334359375,1.1978032045305014,0.5328950606586272,0.22839400164033952,3.466865596571379e-17,1.7417487500137216,2.72122006234375,1.2281688581242323,0.5298525721656016,0.2296247284372129,1.5142963987079158e-16,1.7562483731221519,4.916725567148437,1.7435886964051601,0.4744141311831197,0.15004648874981247,0.0,2.068850471125213
tag.txt,155.28080625,158.60800625,175.412175,2.8704157412109375,1.2728005589835796,0.5221024512030631,0.2158203510934802,0.0,1.796574375963581,2.811702624648438,1.2503410501554684,0.5265444874184106,0.22671075437471663,1.8207830616689913e-16,1.7670077331139677,4.166674339843749,1.5820162296865112,0.48381582996571076,0.17064695781228667,2.1755818190014983e-16,1.9850196764875623
tag.txt,149.20201875,150.8257375,166.9529,2.839500004335938,1.2661335958585838,0.5223327648980931,0.2151296887497311,0.0,1.7979234478543993,2.68038269359375,1.2204927628117372,0.5303249086246924,0.22785594343721519,0.0,1.7549731463722347,4.106724956093751,1.5708441126552681,0.4819021989799486,0.17021101062478725,0.0,1.986621195633619
tag.txt,151.8331125,155.03455625,171.77401875,2.577938241210937,1.1670508976555205,0.5472965181732398,0.23049346874971194,3.457354821760884e-17,1.7541206591291476,2.465795034335937,1.1312465716399178,0.5561075194696093,0.23850292203095186,1.237285045989418e-16,1.7283681260114294,3.3874429140234374,1.3710181568741433,0.5114300169238334,0.19524669953100596,0.0,1.8964844941798176
tag.txt,189.21639375,193.48101875,210.319,2.6959145998437495,1.198332594374251,0.5421779223352791,0.2230284365622212,3.380859651062767e-17,1.7855760729676917,2.616036712460937,1.166227338749271,0.5509941445840799,0.23219373898408474,0.0,1.759343006200215,4.361217182460938,1.599768725624,0.4787196454672343,0.1641585978122948,0.0,2.0249841243988436
tag.txt,145.78184375,149.16475,166.169725,2.7838642699609375,1.2267679409367336,0.5338924506074009,0.22163425445284796,0.0,1.79062899670991,2.64925678109375,1.1855352071867589,0.5429743453176689,0.23167923968721038,1.1936753470757849e-16,1.758894414130865,3.767629826523437,1.4680374996084573,0.4954795363938084,0.18366752156227037,0.0,1.9455706149075545
tag.txt,184.05610625,185.5952125,202.883225,2.8947347958984375,1.254321690624216,0.5300128434676477,0.21362104445285796,0.0,1.8224294865529485,2.756100166835937,1.2093657899211192,0.5406009305692488,0.2238426217184702,1.8390578839877712e-16,1.789192699770566,4.500038121835939,1.638616636952101,0.4729173632259411,0.16026048460917472,0.0,2.0408598960399513
tag.txt,63.97111875,66.31738125,67.28048125,4.37967159984375,1.6517635518739675,0.46076908151217344,0.15552347109355563,2.652524719255225e-17,2.052321551113008,4.16080421484375,1.595244686717753,0.4702633454385823,0.1620141549997975,1.3606974685973237e-16,2.0262797766912795,4.526452733398437,1.6878831867176953,0.45539357527176366,0.15130336210918588,1.0436652183376697e-16,2.070497775925999
tag.txt,98.187325,100.6097875,102.5903875,4.798622040585938,1.7111416488270554,0.46041531812615594,0.14845720679668944,1.7738626201506244e-16,2.0929579319983955,4.6583888699609375,1.6723040305458297,0.46780499264422676,0.15366556656230793,0.0,2.0744818515479677,4.8397235935937495,1.7209225118739244,0.45934974144449675,0.14723618789044093,0.0,2.098334913163383
tag.txt,68.17969375,70.5361875,72.31268125,4.343545574375,1.6467282774989709,0.46085107875759135,0.1565457530466793,2.6635326326036808e-17,2.047532947225364,4.135846389023437,1.590495971249006,0.4706656812866619,0.16303481171854622,0.0,2.0212213793684763,4.49638614859375,1.6814469985926992,0.4561504034550286,0.1531067199998086,0.0,2.0627307216363917
tag.txt,100.9170125,100.81893125,102.4379875,4.852490251210937,1.7226734855457984,0.4590630376277933,0.1470222765623162,2.5199845530140824e-17,2.099753343122985,4.769350894375,1.6988853709364384,0.46352407274693996,0.15099238593731126,0.0,2.0852548518208565,4.9669194373437495,1.749916090155156,0.45521505486270947,0.14476452757794403,9.963149522261893e-17,2.109455828050918
tag.txt,144.73388125,171.466325,183.115225,3.9309022249609376,1.4959005264053151,0.49545678070979327,0.17138765906228579,0.0,1.9886532114160065,3.7296734975,1.438915638749101,0.5065464424509039,0.18142964289039823,0.0,1.9510857074381045,4.263278045898438,1.5765987863271398,0.48149094403452924,0.1628127508591715,1.344244872509677e-16,2.024963966516212
tag.txt,127.7815,157.9221875,171.495075,4.126476631835938,1.5666349113271458,0.47905722612639723,0.16309938640604613,0.0,2.022228410037861,3.67438109234375,1.446452066092846,0.5009012012504047,0.178418829999777,1.7375582109653769e-16,1.9578619040878753,4.21738059234375,1.5848306065615096,0.4766716019163888,0.15924113492167594,1.6218476870823722e-16,2.0353979205353214
tag.txt,156.48570625,181.32525,194.7058125,3.7235349843749996,1.4462962390615959,0.5043011657369438,0.17814709914040233,1.0068633591300946e-16,1.9613331967176222,3.6305255140234376,1.417231059764739,0.5095714594666552,0.1844053688278945,2.9133687988050345e-17,1.9371832721440398,4.3920646952734375,1.6098023376552437,0.47542156139990766,0.1591199427341761,5.2975595186424205e-17,2.039426006118505
tag.txt,133.15055625,160.2519875,174.43219375,4.01084827734375,1.5365228570302896,0.484026537992164,0.16627812671854214,5.5436026185810316e-17,2.0074568590861777,3.655085484375,1.4407168531240997,0.5016500633275519,0.17933074562477583,0.0,1.9536867381796708,4.28621269,1.5992984674990003,0.4745410914403727,0.15806330914042738,1.3406436597214833e-16,2.0410887292983477
tag.txt,64.95611875,92.52435,77.08033125,4.773209903085937,1.7287636778895445,0.4524148115831732,0.14835873812481454,1.52449568042548e-16,2.086187936174809,4.04758937359375,1.53633511062404,0.486097672987905,0.17229527273415965,0.0,1.9929629630037142,4.371598332773438,1.6272071307802332,0.46894148436757394,0.16125902437479844,0.0,2.0347549977632915
tag.txt,62.2176125,87.96295625,72.8346,4.801308171523438,1.746966285077033,0.4477360463320206,0.144798167265444,0.0,2.0962420470638876,4.107918317148437,1.56822952812402,0.47653693708635336,0.16403663898416992,1.0955426874114809e-16,2.0156257588885813,4.480388057460938,1.6690720593739568,0.45924219277132755,0.15357915718730802,0.0,2.060151492681392
tag.txt,65.0594625,91.01608125,79.8270875,4.847731512343749,1.7491378481239068,0.44918583581575733,0.14677013867169153,2.5212211114285046e-16,2.0923429356903283,4.024191868398438,1.5342155004677913,0.4850721358571701,0.1733940300779083,0.0,1.9873046928717117,4.402654077148438,1.6375777578114763,0.466582786031174,0.1601679559372998,2.6455923836070472e-17,2.038737350826038
tag.txt,64.2431375,91.17663125,79.5876625,5.4117165775,1.8780804706238263,0.43326664259159525,0.13059101398421175,0.0,2.1577013883500165,4.405985330898438,1.6261562494521087,0.47020029976338296,0.15672087617167912,1.851214443324286e-16,2.0482838858016086,4.848146859375,1.742519789061411,0.4513901556141028,0.14379805921857025,0.0,2.10228260943045
tag.txt,63.1775125,99.70064375,94.6471875,4.537172549375001,1.697906864998939,0.4521552531101992,0.1515311910935606,2.6060789349344676e-17,2.067486686421147,3.9647264860937503,1.5465058121865334,0.477361303744317,0.16917867515603852,0.0,1.9943209749642794,4.263649609375,1.6263923828114835,0.46394532635681235,0.15965135382792542,0.0,2.033822888281856
tag.txt,105.07370625,150.99471875,146.04301875,5.531354232460938,1.8900593290613186,0.43220700146620716,0.13025358171858717,1.8882281449079474e-16,2.162545999909682,4.3883856775000005,1.6071749024989956,0.4765213006428753,0.15948034249980061,0.0,2.0396660188642275,4.5608497775,1.6532155062489668,0.4685609829289219,0.15408692374980737,7.797916573581055e-17,2.06155768864908
tag.txt,108.28216875,149.64944375,145.17120625,4.89002108609375,1.742419214373911,0.4527291298225663,0.14859664851543924,0.0,2.0873771676804482,4.09463963734375,1.542282463436536,0.4866503764281837,0.17162646531228548,1.6459764604425364e-16,1.9920100391234192,4.245023029648437,1.5811213971865117,0.4798154072162346,0.16691592945291636,0.0,2.010618664000761
tag.txt,72.5174875,111.27955,106.8985375,4.958589043710937,1.7881621963270071,0.44151595874325267,0.1390387889060762,0.0,2.1199657193023254,4.223718774375,1.6018381015614989,0.4703115006496572,0.15778300999980277,1.0804202297262488e-16,2.0394399581586784,4.58087677984375,1.6927745731239419,0.4562571635550646,0.14796986609356502,1.2968086934057461e-16,2.0815313608957555
tag.txt,95.28280625,113.05405,79.92648125,4.441017944375,1.6704480999989562,0.4570654626515207,0.1542652072654322,0.0,2.0576857354013938,4.2951649827734375,1.6282822391396075,0.46474003694494037,0.15694415093730382,0.0,2.0450491807712488,4.844573540000001,1.7719303724988928,0.44106579594622686,0.14491646640606887,0.0,2.098142562896465
tag.txt,147.24979375,166.1843625,127.31801875,4.611900420898437,1.6452725437489717,0.4756542807865145,0.16606578304666744,0.0,2.03582759035396,4.524434615273438,1.6206199748427372,0.4801080109536221,0.1683724364841645,7.829234663455621e-17,2.026754509821071,5.119721734375,1.7757645468738903,0.4527801107704182,0.14995241281231256,0.0,2.0942322769240707
tag.txt,118.77046875,135.132725,102.62369375,4.54475117484375,1.672137219686455,0.461525428277403,0.15269678273418413,5.207810275217873e-17,2.06840590793244,4.44185919859375,1.6411717910927242,0.4673378877801021,0.1553369038279308,1.5803346775434098e-16,2.0568575969256386,5.02036951734375,1.7938348017176287,0.44170559371438717,0.1416621161716979,9.909970555407749e-17,2.1146478261277744
tag.txt,141.901925,156.6638375,123.21301875,4.400492813710938,1.6201043735927372,0.4739396542363264,0.16410998890604486,1.3231209917842599e-16,2.0328971036556034,4.357655639648438,1.6061214023427461,0.4765340134444345,0.16451305148416936,0.0,2.029711406980548,4.7916192560937505,1.7205896374989247,0.45671440517656153,0.15400138398418248,0.0,2.0720226735157894
tag.txt,175.4881,172.56514375,131.01815625,4.639255030898438,1.6899569066395688,0.45970305131582506,0.15315581859355853,0.0,2.068737994387825,4.219720268710937,1.5770832013271394,0.48015892025448825,0.16896436671853882,0.0,2.0118016506778647,4.6036871360937495,1.6832299264051982,0.4607306593752954,0.15524145773418094,0.0,2.060582524191603
tag.txt,171.98174375,166.267775,119.980425,4.373946459960938,1.6501074941395937,0.46081333232670846,0.15559088726543052,2.1234080967646696e-16,2.0487218774698173,3.878530774375,1.5208274990615493,0.48290785003039294,0.17173791320291032,0.0,1.9828140739285713,4.4002322975,1.6628745668739608,0.4579934176305346,0.15804519828105246,0.0,2.042851931695564
tag.txt,191.19803125,189.23849375,150.80950625,4.5490094899999995,1.66404221749896,0.4641414019183404,0.1557356350779303,0.0,2.0574408489491067,4.184643256093751,1.5644242759365223,0.4821854063104192,0.1722437629685347,0.0,1.9996525101251506,4.458094724375,1.6475072540614704,0.4664444813518124,0.15897242257792626,0.0,2.0447549153371662
tag.txt,176.10369375,171.0831,130.272075,4.61335791,1.6928430187489418,0.45736766765556214,0.1476781338279404,0.0,2.0821413550131114,4.2417468985937505,1.5964244898427522,0.4727952870876755,0.16083141031229897,8.085913522047876e-17,2.0310155496948212,4.864150410000001,1.7607545324988993,0.445633322814173,0.14355157312482056,1.0067849338740967e-16,2.103049084117962
tag.txt,120.1476,117.6583625,103.84225,4.303434787148438,1.6097936900771188,0.471588750786672,0.159208728515426,1.070366705101835e-16,2.0391554933335434,4.024540388710937,1.5330532771084167,0.48572253411626093,0.1705777958591618,2.7670822431153725e-17,1.9963606818023822,4.256601345273437,1.596479165389627,0.4744372960764378,0.16151720999979813,1.0762389746963514e-16,2.030854736895416
tag.txt,120.5841125,117.70190625,103.4933625,4.3297871400000005,1.6267157224989832,0.4667839122933018,0.15506039109355615,0.0,2.052009185699333,4.059848698398437,1.5566540640615272,0.4784323234094115,0.1637675101560453,0.0,2.0157422566241574,4.45309390234375,1.660466151561462,0.4609926063124601,0.15254836570293434,2.6305665112164542e-17,2.0638740084557496
tag.txt,132.838525,130.06063125,119.84246875,4.197666294375,1.5848229468740096,0.475453608713208,0.16382780999979527,0.0,2.0193877771271445,3.8970193798437496,1.5043043531240599,0.49052482008961984,0.17509098664040615,1.4059955097729913e-16,1.9762224106267086,4.118356874375,1.5635090965615226,0.4798595696212105,0.16789125320291515,0.0,2.005395359995329
tag.txt,127.84931875,125.16415625,116.1872125,4.477591569375001,1.6475865496864701,0.466324774567607,0.1518902920310601,0.0,2.066456209967344,4.241562446835937,1.5876671178896329,0.47598659561626755,0.15920076765605098,0.0,2.035809777272731,4.568019337148438,1.6702207971083312,0.46285728528703546,0.14964956179668792,0.0,2.076726299762911
tag.txt,88.56603125,40.23625625,45.0822375,4.8578028810937495,1.7676228870301454,0.4482308145870204,0.13926046171857592,5.0372124262559827e-17,2.112504951439985,5.058604920898437,1.8192220730457382,0.44385572214615093,0.1386120942967017,2.4681118305273865e-17,2.116277791127891,5.461465902773438,1.9083594915613071,0.43241003395109745,0.12961607929671295,2.3753390158832414e-17,2.156209268137008
tag.txt,92.7457625,40.22978125,45.292625,4.3962594902734375,1.6645720024989599,0.45962610062109466,0.15124481390606095,1.3237578799272414e-16,2.0604372491610783,4.810619295898437,1.7746374843738906,0.44524393571255155,0.14450507148419436,2.53092758841123e-16,2.0889945283920826,5.214462465585938,1.8652214820300843,0.43370502343386813,0.13499659999983124,1.4585680384882544e-16,2.1318158682053276
tag.txt,126.964225,63.1992375,72.12444375,4.673313741835937,1.710230975858306,0.4549782331811716,0.14658907578106678,1.283919365028228e-16,2.0883429801208004,4.464287987460938,1.668747687655207,0.45908111410810354,0.15648266398417937,1.5763598418307504e-16,2.050742433787872,4.6553599775,1.7155389568739277,0.4520466296477937,0.1492530307029384,1.543671301017869e-16,2.0773819993084297
tag.txt,112.55315625,53.778425,61.2811,5.297437881835937,1.846322396092596,0.4440236375891283,0.13099507429671126,0.0,2.151535677102216,5.44815747484375,1.8919696306238176,0.44003581346729714,0.1298305599998377,0.0,2.1559337866813872,5.685419561093751,1.944051321405035,0.43188730798172914,0.12538778734359327,0.0,2.17623180027376
tag.txt,63.581625,40.10396875,59.830625,4.984808815273437,1.773485216014517,0.4506968396677268,0.13845496726545195,1.491788352412467e-16,2.1217641737949777,5.45818968359375,1.8886250859363196,0.4371734695243732,0.1307967724217115,0.0,2.1551554151505217,5.005721840585937,1.782237908436386,0.44785093599753417,0.1379073772654526,0.0,2.1240709837959955
tag.txt,68.03486875,42.4905375,63.0917375,4.35947606234375,1.6459267818739711,0.4621900868161414,0.15451677015605686,0.0,2.0524670146765462,4.857250070273438,1.7719492371082675,0.444391083004093,0.1453508895310683,0.0,2.0926757343371607,4.359103609375,1.6483469703114697,0.4612293726360207,0.15465006429668168,2.6587751896789517e-17,2.0523206789441724
tag.txt,78.35869375,51.38484375,75.78690625,4.84870463734375,1.747185039373908,0.4511184653160094,0.1413607950779483,1.2604840484056122e-16,2.1097057433084636,5.179848752773438,1.830423937264481,0.4397071373702299,0.13614492460920483,0.0,2.1333362479374096,4.795693446835938,1.7353943030457903,0.45212615703599435,0.14270668671857165,0.0,2.1040112277681913
tag.txt,81.0499875,53.17456875,77.72710625,4.68521223109375,1.7057596889051836,0.4571747645155723,0.14691816687481637,1.2822880182755614e-16,2.0877424661017137,5.028164859375,1.7891590890613815,0.446157246522595,0.14122051820294848,7.426714265197207e-17,2.1127856741290594,4.668501918710938,1.6993112710145633,0.45819767587519844,0.14856186507793928,7.707485173123072e-17,2.0815314166315524
tag.txt,58.3940625,39.61473125,54.5449,5.0637199121484375,1.8009054160144995,0.4527252848245955,0.1339229177342076,2.4668649646130934e-17,2.133984824379429,5.40740573109375,1.8806492742175744,0.4495204162131638,0.12854725984358933,1.6710281921060879e-16,2.1566337961107322,5.0635156983984375,1.8075547867957455,0.44850862657658674,0.1341504533592073,0.0,2.1335066726968517
tag.txt,91.3286875,64.80078125,88.565325,4.103137219375,1.569803689999019,0.4759641748794416,0.16513160312479358,0.0,2.0138047571411435,4.256544273085938,1.6098020097646188,0.46916038636991997,0.16404381953104497,0.0,2.0215559344266247,4.07556921,1.5607345137490247,0.478071642472621,0.1665534646872918,1.0998819315252868e-16,2.007994131276519
tag.txt,104.81773125,76.94014375,102.86901875,4.264778582460938,1.596571626405252,0.4741694053778126,0.15924561015605096,8.06405021700135e-17,2.0370417838534602,4.2593108355859375,1.5985502655458759,0.4732645849388778,0.16114852820292355,1.0758966044226831e-16,2.032158930522974,4.113491234375,1.5592268343740256,0.48055420741236116,0.16307010890604615,0.0,2.0202675841770366
tag.txt,65.52388125,43.27955625,56.71849375,4.8581437998437496,1.769317292498894,0.44817391200550777,0.13933760374982582,2.518517840372617e-17,2.112056603324758,5.092022386093749,1.8300403629676063,0.440995319961445,0.1379919141404525,0.0,2.1192145222284795,4.935264444375,1.7897782053113815,0.44403969415874633,0.1399149152342001,0.0,2.1121946679046046
tag.txt,34.63361875,32.1473,32.3991625,5.406549613710938,1.8726905175769546,0.4519083799811922,0.1288646792967139,0.0,2.156542388540987,5.32014895484375,1.860768017186337,0.449554516037135,0.13113878164046108,0.0,2.147025182337213,5.718289732773438,1.947586421717533,0.44021578623753155,0.12412969749984484,4.64276961498354e-17,2.17847602774971
tag.txt,30.5389875,29.2468875,29.46995625,5.018915243398437,1.824088003514485,0.44275066326513984,0.13907108757795117,1.4867109301560475e-16,2.109377332987134,4.987129488710938,1.8227994371082357,0.4410732129439682,0.14140352796857325,0.0,2.100399902182364,5.379004131835938,1.9088680367175568,0.431881464962265,0.1332846799217084,2.3934770990485084e-17,2.1360897308398
tag.txt,44.132675,41.59869375,42.6743125,4.941490616210937,1.782145561717636,0.4484372130649007,0.1396768582810754,0.0,2.112763798749187,4.880242842773438,1.7701570683582686,0.4484800221626958,0.14319005109357102,0.0,2.0994931264288312,5.042486696835937,1.8067275924207458,0.44367626108077557,0.13809818874982738,0.0,2.120662771435788
tag.txt,38.7120625,34.9112375,35.7610875,5.20265619234375,1.8482373281238447,0.44561692988125157,0.13469870632795664,0.0,2.130378904223341,5.170031734375,1.8447192171863471,0.44509889089925375,0.13803681257795244,1.2206850197702987e-16,2.1167144824220934,5.397655819374999,1.8957091218738154,0.4377264476372078,0.13223368234358468,1.9114705368499332e-16,2.1422421908596543
tag.txt,93.1223125,90.3250875,102.3053125,4.31643771,1.6235653912489854,0.4678315461794001,0.15589043843730513,0.0,2.0470728187979232,4.032829590585938,1.5514292150771554,0.4786584217480718,0.16683237359354144,0.0,2.005292869922287,4.215834649960938,1.5960173801552526,0.47214684683595654,0.15893550671855133,0.0,2.0352013341702313
tag.txt,86.90464375,84.13680625,94.81141875,3.903602146523437,1.5320801549209173,0.47939289898293275,0.16785245124979017,1.4048095224767186e-16,1.9957862526316577,3.6445017874609373,1.4659988378115836,0.4903630627231919,0.1786331167966517,1.4538886023664508e-17,1.9532489121138799,3.78460512984375,1.5017675576553111,0.48482388325073983,0.17179881390603524,2.4254305900672476e-16,1.9795182367278057
tag.txt,109.38944375,106.34590625,122.143075,4.038810826210938,1.5511973025771553,0.479243741061391,0.16552143414041812,1.9335325904819231e-16,2.0094742781526893,3.785488065585938,1.4862058763271961,0.49040948501745346,0.17568157304665544,0.0,1.9714599149243597,3.9139718662109377,1.517729545702176,0.48565509917735705,0.16840260218728947,1.4029473295001736e-16,1.9971375832220954
tag.txt,93.628425,90.6145,102.42428125,4.348041467148438,1.6379641510146015,0.4643928421279479,0.15581022523418023,0.0,2.047793175935631,4.0715298775,1.5697996137490187,0.4742968377555821,0.16564241882791794,8.253205412373566e-17,2.008756277750348,4.341180135898438,1.633106426170854,0.4653204256808141,0.15683662101542895,2.3978323724037393e-16,2.0449397538320495
tag.txt,126.75294375,120.3253375,111.97356875,4.575646834960938,1.6965442874989396,0.4624868701102646,0.1444509895310694,0.0,2.0865495382123074,3.7409844899999998,1.5004066737490622,0.4839966388801703,0.16970726281228785,1.578519485889323e-16,1.9784720400487643,4.4099553923437504,1.6648795084364596,0.4608961036190366,0.14957876148418803,5.286802794362526e-17,2.066556644014485
tag.txt,188.68855,185.49710625,180.401125,4.191452124023438,1.5873657089833828,0.47412954423133863,0.16026835624979968,1.6268563558723714e-16,2.028080413648738,3.742026696835937,1.4681471861709572,0.49389465130140514,0.17889427117165135,0.0,1.9566398538381595,3.9865894375,1.5308086343740432,0.48373564500649596,0.16883673453103898,0.0,1.9959116061618227
tag.txt,187.6840625,183.9809,177.880625,4.299517749375001,1.6237506646864854,0.46852419968555137,0.15654507796855432,0.0,2.0383278387207286,3.8054819735937504,1.502887898592811,0.4843280253135489,0.17634274453102958,0.0,1.9576475092475303,4.118245960898437,1.5791041128896381,0.4730366078365726,0.16418782515604477,0.0,2.007979698318014
tag.txt,155.00789375,147.84196875,137.53621875,4.666707171835937,1.7282275719520448,0.4590978614418564,0.1438562796873202,1.0278622830997444e-16,2.087892772559813,3.9318560402734364,1.556548461327152,0.4759254603352502,0.16619251406229227,0.0,1.9929436460097472,4.409886312343751,1.6722986651552048,0.46038752323595206,0.15172964593731034,0.0,2.0566573279678315
tag.txt,129.054625,90.133775,112.40389375,5.234701804843752,1.8393817290613503,0.4371470785672544,0.13428893585920715,0.0,2.142920328356509,4.412864457773438,1.6438775696864727,0.4645747280433414,0.15473755578105655,0.0,2.056862544413545,4.51954592984375,1.6647908928114596,0.4627448145139556,0.15155132562481055,2.611155955789155e-17,2.0716197616866463
tag.txt,165.9907625,129.26151875,155.9537125,5.3242758312109375,1.8327423723426044,0.4424622301719985,0.1395249070310756,2.4057469398036094e-17,2.1285034111324004,4.500941902773437,1.6313616425771054,0.4744619517740697,0.1624675611716719,0.0,2.04112984988669,4.511511991210937,1.6285721316396073,0.47574766669901253,0.1624619464841719,0.0,2.04106254025354
tag.txt,132.9684375,95.327475,114.52963125,5.2729751421484385,1.858956607967588,0.43249989417342605,0.13458134054670676,1.6921949445361488e-16,2.1404923939320257,4.146398988710938,1.5864458504677585,0.47208018617701797,0.16220988781229723,0.0,2.024081321190779,4.3477432105859375,1.6331627792177295,0.46551073679593635,0.15667607632792918,0.0,2.047529685456071
tag.txt,169.9443375,133.50035,153.30465,5.63311448734375,1.9037487449988102,0.4333292546340819,0.13332789257795832,4.67773831472967e-17,2.152896130323505,4.659629069375,1.6687017778114572,0.46839655755235665,0.15835745726542702,0.0,2.0584260989471113,4.74099058984375,1.6883279421864448,0.46489659794100807,0.15643832749980446,0.0,2.0639466461160496
tag.txt,133.24968125,93.9317,117.00473125,5.094387962343751,1.8030848981238732,0.4427806939413454,0.13708668398420362,0.0,2.130041072925539,4.36878797359375,1.6298180165614815,0.46716639991814696,0.15548815874980562,2.6558266795452038e-17,2.051671700879565,4.455957647460938,1.6451484628895967,0.46622720133950163,0.1532783079685584,1.0518884288127134e-16,2.062398910694826
tag.txt,161.95220625,124.72293125,150.8771,5.0785063498437495,1.7843116717176348,0.4475486020572844,0.14300508671857123,1.4779626715533458e-16,2.1101132577190786,4.29971829,1.5914058974990055,0.4784379957020069,0.16551708734354306,0.0,2.022134935686956,4.33109156109375,1.5958146628115024,0.4782807869634468,0.16385341484354518,0.0,2.027544483655717
tag.txt,141.2266125,103.81378125,124.0598,5.101208294960937,1.810984692576993,0.4403930316873913,0.13797964851545252,4.9155677016306746e-17,2.1256302585053106,4.153335974375,1.578983869686513,0.47492383204318983,0.16241411937479697,5.4476810998569723e-17,2.023726643344922,4.331236124375,1.6188019446864883,0.4695458736514688,0.1581696114060523,8.001944551717473e-17,2.0418267211192775
tag.txt,162.4172,124.0128125,143.48070625,5.325264052773437,1.8438842127332227,0.4392367081559829,0.13620799187482976,2.4055237094455564e-17,2.13740482370776,4.3310288975,1.5997511193740002,0.4768255462000838,0.16396852390604502,0.0,2.0289758114925207,4.442792719374999,1.6263357390614837,0.4724484348103693,0.16067400960917416,0.0,2.0410610615552076
tag.txt,93.65829375,90.99955625,89.11050625,2.72892906,1.1635105549992728,0.5610242082800329,0.2410619498434487,0.0,1.751332858922827,2.556202455898437,1.1076936970305578,0.5754185030379869,0.25661544359342925,0.0,1.7044678874589632,3.059635543398437,1.25593491726484,0.541995570546515,0.2230390892965962,0.0,1.815503391494016
tag.txt,94.13844375,91.2260125,89.59001875,2.34725035484375,1.0635692799993355,0.583764418414697,0.25569202617155534,0.0,1.6826645265528712,2.2233633873437504,1.0173557109368643,0.5979476046904438,0.27028191093716214,3.722845217070224e-17,1.642414977144257,2.46317730859375,1.102073691405561,0.574937299277975,0.24430010593719462,1.9453379466716564e-16,1.7167820769386395
tag.txt,97.29620625,94.79665625,93.62413125,2.857161859375,1.1940839296867538,0.5556618880004011,0.2364162587497045,0.0,1.771263214416734,2.705864429335938,1.1461077174992838,0.567403624619916,0.25092742585906136,5.0619569813829795e-17,1.7291127019397545,3.1759394743750002,1.2824924446866985,0.5376117288471775,0.22023708554659974,0.0,1.829653975336941
tag.txt,96.7068,93.48470625,92.28464375,2.31930421734375,1.0548322056243407,0.5867859379191885,0.2556164694528055,5.4675480176988656e-17,1.6798796457866476,2.2380912887109377,1.0228219594524857,0.5970889971877495,0.26648537992154187,3.339518211322551e-16,1.6510901377822935,2.4553399599609373,1.0980010714836888,0.5770566183064473,0.24396409515594503,0.0,1.7167271373842377
tag.txt,89.52525,87.003475,84.8753125,2.6213691230859375,1.1499915763274062,0.5614431117977017,0.23330975499970835,0.0,1.7535481759153848,2.505242667148438,1.1125790003118046,0.5709385200311367,0.24245919906219693,2.630368350354431e-16,1.724430875702012,2.8965904599609376,1.227367768749233,0.5450847669877498,0.21949420468722564,0.0,1.80816758703217
tag.txt,94.3284375,91.40615625,89.41254375,2.5153050387109377,1.1092617646086818,0.5725686985167601,0.2435387635934456,0.0,1.7186330373845538,2.41378724984375,1.075114274061828,0.5822033126918466,0.25230584953093466,1.4291924163386891e-16,1.6920285247999183,2.705040994375,1.1670379768742705,0.5599369196830775,0.22984447539033767,2.3626061068069916e-16,1.7688959363429615
tag.txt,90.43571875,88.02915625,86.551675,2.6016078921484374,1.1419395231242864,0.5640626845208435,0.2346996924997066,0.0,1.749368990736475,2.523269463710937,1.1155385785930527,0.57117805804964,0.24182992218719768,0.0,1.727369560820354,2.8623428949609377,1.2152955989054905,0.5486003659658328,0.22105152101534867,0.0,1.8024057163994134
tag.txt,98.1079625,95.27426875,93.8588125,2.5536331405859376,1.1169807496868018,0.5714707027593922,0.2435980566403205,5.2106537258460126e-17,1.7220628687288615,2.437361349375,1.080191567186825,0.581050259220679,0.25291524046843383,0.0,1.6926416493432317,2.792045310898437,1.1860322154680085,0.5563395416968977,0.22946956968721316,1.9932888046670267e-16,1.774356275786289
